Job Title,Company Name,Job Location,Link
Growify Digital,Website Management,Not specified,https://internshala.com/internship/detail/website-management-internship-in-delhi-at-growify-digital1683195525
Growify Digital,Shopify Development And Design,Not specified,https://internshala.com/internship/detail/shopify-development-and-design-internship-in-delhi-at-growify-digital1683195495
Axe Consultancy And Security Services LLC,WordPress Development,Not specified,https://internshala.com/internship/detail/wordpress-development-work-from-home-job-internship-at-axe-consultancy-and-security-services-llc1683201435
FatakPAY Digital Private Limited,Angular,Not specified,https://internshala.com/internship/detail/angular-internship-in-navi-mumbai-mumbai-at-fatakpay-digital-private-limited1683220441
PrwaTech,Data Science,Not specified,https://internshala.com/internship/detail/data-science-internship-in-bangalore-at-prwatech1683219570
Hyperreality Technologies,Data Annotation,Not specified,https://internshala.com/internship/detail/data-annotation-work-from-home-job-internship-at-hyperreality-technologies1683215318
Surjal Services Private Limited,Python Development,Not specified,https://internshala.com/internship/detail/python-development-work-from-home-job-internship-at-surjal-services-private-limited1683200214
Across The Globe (ATG),Artificial Intelligence (Machine Learning),Not specified,https://internshala.com/internship/detail/artificial-intelligence-machine-learning-work-from-home-job-internship-at-across-the-globe-atg1683196177
Defacto Technologies Private Limited,Next.js Development,Not specified,https://internshala.com/internship/detail/nextjs-development-work-from-home-job-internship-at-defacto-technologies-private-limited1683201993
Astute Lex Servicado Private Limited,POC Development,Not specified,https://internshala.com/internship/detail/poc-development-work-from-home-job-internship-at-astute-lex-servicado-private-limited1683188484
Zobyt,Backend And Python Development,Not specified,https://internshala.com/internship/detail/backend-and-python-development-work-from-home-job-internship-at-zobyt1683188064
Growify Digital,Website Management,Not specified,https://internshala.com/internship/detail/website-management-work-from-home-job-internship-at-growify-digital1683194182
Veecorp Solutions Private Limited,Front End Development,Not specified,https://internshala.com/internship/detail/front-end-development-internship-in-multiple-locations-at-veecorp-solutions-private-limited1683190770
Metaverse Ventures Private Limited,Nest.js & Blockchain Development,Not specified,https://internshala.com/internship/detail/nestjs-blockchain-development-work-from-home-job-internship-at-metaverse-ventures-private-limited1683183526
Omikron Technologies Private Limited,Front End Development (ReactJS),Not specified,https://internshala.com/internship/detail/front-end-development-reactjs-work-from-home-job-internship-at-omikron-technologies-private-limited1683184384
Salesqueen Software Solutions,WordPress Development,Not specified,https://internshala.com/internship/detail/wordpress-development-work-from-home-job-internship-at-salesqueen-software-solutions1683175393
Xcrino Business Solutions,Laravel And ReactJS,Not specified,https://internshala.com/internship/detail/laravel-and-reactjs-internship-in-delhi-at-xcrino-business-solutions1683181927
Aam Aadmi Party,Data Analytics,Not specified,https://internshala.com/internship/detail/data-analytics-work-from-home-job-internship-at-aam-aadmi-party1683181796
Unifynd Technologies,Front End Development,Not specified,https://internshala.com/internship/detail/front-end-development-internship-in-mumbai-at-unifynd-technologies1683101751
Fermedicius Labs Private Limited,Electronics Systems & Firmware Development,Not specified,https://internshala.com/internship/detail/electronics-systems-firmware-development-internship-in-bangalore-at-fermedicius-labs-private-limited1683173838
Know Wallet,Python Development (With ChatGPT + DevOps),Not specified,https://internshala.com/internship/detail/python-development-with-chatgpt-devops-work-from-home-job-internship-at-know-wallet1683179069
Clay Tech (Clay Logix Private Limited),Dot Net Development,Not specified,https://internshala.com/internship/detail/dot-net-development-internship-in-delhi-at-clay-tech-clay-logix-private-limited1683178009
Shubham Varshney,Front End Development,Not specified,https://internshala.com/internship/detail/front-end-development-internship-in-meerut-at-shubham-varshney1683118879
Ambient Infotech,Business Analytics,Not specified,https://internshala.com/internship/detail/business-analytics-internship-in-jaipur-at-ambient-infotech1683117847
Yougetplaced Technology Services,JavaScript Development,Not specified,https://internshala.com/internship/detail/javascript-development-work-from-home-job-internship-at-yougetplaced-technology-services1683169656
Yougetplaced Technology Services,Front End Development,Not specified,https://internshala.com/internship/detail/front-end-development-work-from-home-job-internship-at-yougetplaced-technology-services1683169558
Yougetplaced Technology Services,ReactJS Development,Not specified,https://internshala.com/internship/detail/reactjs-development-work-from-home-job-internship-at-yougetplaced-technology-services1683168353
Garmin Express Updater,WordPress Development,Not specified,https://internshala.com/internship/detail/wordpress-development-work-from-home-job-internship-at-garmin-express-updater1683165099
CipherSchools,Teaching - Python & Django,Not specified,https://internshala.com/internship/detail/teaching-python-django-work-from-home-job-internship-at-cipherschools1683173421
CipherSchools,Data Science,Not specified,https://internshala.com/internship/detail/data-science-work-from-home-job-internship-at-cipherschools1683142636
CipherSchools,Machine Learning,Not specified,https://internshala.com/internship/detail/machine-learning-work-from-home-job-internship-at-cipherschools1683142113
Minus Equals Plus,Artificial Intelligence (AI),Not specified,https://internshala.com/internship/detail/artificial-intelligence-ai-internship-in-delhi-gurgaon-at-minus-equals-plus1683173202
IIT Bombay,Machine Learning (Healthcare),Not specified,https://internshala.com/internship/detail/machine-learning-healthcare-work-from-home-job-internship-at-iit-bombay1683171843
Statinfer,Data Science And Machine Learning,Not specified,https://internshala.com/internship/detail/data-science-and-machine-learning-work-from-home-job-internship-at-statinfer1683126860
Lincode Labs India Private Limited,Software Engineering,Not specified,https://internshala.com/internship/detail/software-engineering-internship-in-bangalore-at-lincode-labs-india-private-limited1683145416
Sanspots Private Limited,React Native Development,Not specified,https://internshala.com/internship/detail/react-native-development-internship-in-pune-at-sanspots-private-limited1683135778
Great Manager Institute,Data Science,Not specified,https://internshala.com/internship/detail/data-science-internship-in-mumbai-at-great-manager-institute1683092243
Vaultboard Consulting Private Limited,Full Stack Development (PHP/JavaScript/MySQL),Not specified,https://internshala.com/internship/detail/full-stack-development-php-javascript-mysql-internship-in-gurgaon-at-vaultboard-consulting-private-limited1683118768
StuHo Community Private Limited,Front End Development,Not specified,https://internshala.com/internship/detail/front-end-development-work-from-home-job-internship-at-stuho-community-private-limited1683091572
BrainOp Technologies Private Limited,React Native,Not specified,https://internshala.com/internship/detail/react-native-work-from-home-job-internship-at-brainop-technologies-private-limited1683114362
